999524,/usuario/dudu1115/
726596,/usuario/andreansilva/
75978,/usuario/wladi_dreyer/
1692075,/usuario/fernandoaugusdfe61b82529d4734/
1046087,/usuario/sirsas/
1692079,/usuario/pedrohenriquefba88225f91d4af4/
1692078,/usuario/cleberrodriguesdesousa/
2094,/usuario/laura_him/
150088,/usuario/natalia-ishida/
757816,/usuario/heymatheus/
248983,/usuario/canutto/
1221131,/usuario/capitamarvel/
489944,/usuario/renatoleao5/
1692076,/usuario/marimaske/
4845,/usuario/wintermute/
987958,/usuario/thaysrenatha/
1692077,/usuario/nataliavidall/
23885,/usuario/jubilanis/
1123801,/usuario/enricoribeiro/
541468,/usuario/yuriangel/
1040144,/usuario/tjtarcisio18/
106501,/usuario/celinecampos/
1447696,/usuario/fejayne1/
1407507,/usuario/flaviooak/
1692074,/usuario/tatianeteixei24e4564af1c046ea/
268962,/usuario/shadezinha/
704059,/usuario/sissystrit/
1120478,/usuario/flwrwar/
1569491,/usuario/bortolon52/
936612,/usuario/100002464710718/
219445,/usuario/rayssap/
1600035,/usuario/arthurbernardo/
1692073,/usuario/saraholiveirae10f1d0b13ec4926/
1650202,/usuario/rafaelacarinelach/
41586,/usuario/prixxx/
536634,/usuario/marciomatos/
838456,/usuario/llaatsch/
1168856,/usuario/franmario/
1692072,/usuario/dhaiane5/
809714,/usuario/thaismborba/
205084,/usuario/mpaoliello/
466116,/usuario/brunahmartins/
896195,/usuario/raquelsoutos/
617623,/usuario/thenewshit/
479354,/usuario/talitabacetti/
162405,/usuario/johnpicanco/
352400,/usuario/manucamposs/
1692071,/usuario/arthurazevedo/
316072,/usuario/lfsantos/
462310,/usuario/katherinepf/
8251,/usuario/amancio/
175108,/usuario/talitalongoni/
146205,/usuario/aprolepse/
1692070,/usuario/noeminaiarad3ec3715aff5487d/
273343,/usuario/marianavitti/
1509847,/usuario/erikamelo/
93283,/usuario/trock/
1692069,/usuario/wellingtonborgesoliveira/
1405170,/usuario/vanessaalbuqu9b3da1be2ea449d1/
1628970,/usuario/thatyanaamaeuenes/
