2004004,Brazil
2188786,Hungary
1884888,Portugal
2026485,Bahrain
2188849,Japan
69920,China
2185054,Ukraine
2186895,Indonesia
2187703,Guadeloupe
2188180,France
1296982,Saudi Arabia
2182630,Brazil
2172060,Thailand
2185942,El Salvador
2184695,United States
111860,Switzerland
2004004,Brazil
2188786,Hungary
1884888,Portugal
2026485,Bahrain
2188849,Japan
69920,China
2185054,Ukraine
2186895,Indonesia
2187703,Guadeloupe
2188180,France
1296982,Saudi Arabia
2182630,Brazil
2172060,Thailand
2185942,El Salvador
2184695,United States
111860,Switzerland
1079301,"Iran, Islamic Republic Of"
1990154,Russian Federation
1309289,Egypt
1958699,Poland
2178752,Russian Federation
2173373,Brazil
2175140,Egypt
1538756,Saudi Arabia
1955515,South Korea
2148260,Germany
13229,Hong Kong
2171115,Mexico
2170879,Kazakhstan
2169995,Taiwan
953901,Mexico
2054567,China
295618,Ukraine
256434,Hong Kong
1439044,Viet Nam
2158556,France
904193,Thailand
1816102,United Kingdom
2160604,Hungary
1446423,United States
864866,Mexico
2115846,Germany
1652765,Saudi Arabia
1818057,Switzerland
994466,United States
2138873,Greece
1246748,Russian Federation
2144585,United States
3672,United States
1460165,Kazakhstan
